<?xml version="1.0" encoding="UTF-8"?>
<project-private xmlns="http://www.netbeans.org/ns/project-private/1">
    <editor-bookmarks xmlns="http://www.netbeans.org/ns/editor-bookmarks/2" lastBookmarkId="0"/>
    <open-files xmlns="http://www.netbeans.org/ns/projectui-open-files/2">
        <group>
            <file>file:/home/thinker/Here/OOP/EVISA%20Management/src/app/ApplyForAVisaScene3Controller.java</file>
            <file>file:/home/thinker/Here/OOP/EVISA%20Management/src/app/GenerateTravelReportController.java</file>
            <file>file:/home/thinker/Here/OOP/EVISA%20Management/src/users/User.java</file>
            <file>file:/home/thinker/Here/OOP/EVISA%20Management/src/app/ApplyForAVisaController.java</file>
            <file>file:/home/thinker/Here/OOP/EVISA%20Management/src/app/FXMLDocument.fxml</file>
            <file>file:/home/thinker/Here/OOP/EVISA%20Management/src/app/CheckListofApprovedcandidatesController.java</file>
            <file>file:/home/thinker/Here/OOP/EVISA%20Management/src/app/AppendableObjectOutputStream.java</file>
            <file>file:/home/thinker/Here/OOP/EVISA%20Management/src/users/VisaOfficer.java</file>
            <file>file:/home/thinker/Here/OOP/EVISA%20Management/src/app/ApplyForAVisa.fxml</file>
            <file>file:/home/thinker/Here/OOP/EVISA%20Management/src/app/ApplyForAVisaScene2Controller.java</file>
            <file>file:/home/thinker/Here/OOP/EVISA%20Management/src/app/ApplyForAVisaScene4Controller.java</file>
            <file>file:/home/thinker/Here/OOP/EVISA%20Management/src/app/ViewApplicationStatus.fxml</file>
            <file>file:/home/thinker/Here/OOP/EVISA%20Management/src/app/RequestConsularServices.fxml</file>
            <file>file:/home/thinker/Here/OOP/EVISA%20Management/src/app/MainApplication.java</file>
            <file>file:/home/thinker/Here/OOP/EVISA%20Management/src/app/ApplyForAVisaScene2.fxml</file>
            <file>file:/home/thinker/Here/OOP/EVISA%20Management/src/app/PayfessController.java</file>
            <file>file:/home/thinker/Here/OOP/EVISA%20Management/src/app/FXMLDocumentController.java</file>
            <file>file:/home/thinker/Here/OOP/EVISA%20Management/src/app/AddVisaOfficersController.java</file>
            <file>file:/home/thinker/Here/OOP/EVISA%20Management/src/app/CheckVisaApplicationRequest.fxml</file>
            <file>file:/home/thinker/Here/OOP/EVISA%20Management/src/app/ApplyForAVisaScene5Controller.java</file>
            <file>file:/home/thinker/Here/OOP/EVISA%20Management/src/users/VisaApplicant.java</file>
            <file>file:/home/thinker/Here/OOP/EVISA%20Management/src/app/AddVisaOfficers.fxml</file>
            <file>file:/home/thinker/Here/OOP/EVISA%20Management/src/app/PayFeesController.java</file>
            <file>file:/home/thinker/Here/OOP/EVISA%20Management/src/javafxapplication9/DisplayController.java</file>
            <file>file:/home/thinker/Here/OOP/EVISA%20Management/src/app/ImmigrationPoliceOfficer.fxml</file>
            <file>file:/home/thinker/Here/OOP/EVISA%20Management/src/app/VisaOfficer.fxml</file>
            <file>file:/home/thinker/Here/OOP/EVISA%20Management/src/app/ApplyForAVisaScene6Controller.java</file>
            <file>file:/home/thinker/Here/OOP/EVISA%20Management/src/app/GenerateTravelReport.fxml</file>
            <file>file:/home/thinker/Here/OOP/EVISA%20Management/src/app/CheckListofApprovedcandidates.fxml</file>
            <file>file:/home/thinker/Here/OOP/EVISA%20Management/src/app/PayFees.fxml</file>
            <file>file:/home/thinker/Here/OOP/EVISA%20Management/src/app/RequestConsularServicesController.java</file>
            <file>file:/home/thinker/Here/OOP/EVISA%20Management/src/app/VisaOfficerController.java</file>
            <file>file:/home/thinker/Here/OOP/EVISA%20Management/src/utils/Passport.java</file>
            <file>file:/home/thinker/Here/OOP/EVISA%20Management/src/app/ApplyForAVisaSceneFinalController.java</file>
            <file>file:/home/thinker/Here/OOP/EVISA%20Management/src/utils/Address.java</file>
            <file>file:/home/thinker/Here/OOP/EVISA%20Management/src/app/VisaApplicantFXMLController.java</file>
            <file>file:/home/thinker/Here/OOP/EVISA%20Management/src/app/ImmigrationPoliceOfficerController.java</file>
            <file>file:/home/thinker/Here/OOP/EVISA%20Management/src/app/CheckVisaApplicationRequestController.java</file>
            <file>file:/home/thinker/Here/OOP/EVISA%20Management/src/app/Randompasswordgenerator.java</file>
            <file>file:/home/thinker/Here/OOP/EVISA%20Management/src/app/VisaApplicantFXML.fxml</file>
            <file>file:/home/thinker/Here/OOP/EVISA%20Management/src/app/ApplyForAVisaScene6.fxml</file>
            <file>file:/home/thinker/Here/OOP/EVISA%20Management/src/app/ReportgenerateVOfficerController.java</file>
            <file>file:/home/thinker/Here/OOP/EVISA%20Management/src/utils/Date.java</file>
            <file>file:/home/thinker/Here/OOP/EVISA%20Management/src/app/ViewApplicationStatusController.java</file>
        </group>
    </open-files>
</project-private>
